{
  "assetsByChunkName": {
    "vendors~app-account~app-confirmation~app-order": "chunk.d5da640ede25a3f16f2c.js",
    "vendors~app-account~app-checkout": "chunk.61672e0634fc3e0d922d.js",
    "vendors~app-cart~app-checkout": "chunk.1d8c964aee642ab0ad19.js",
    "admin": [
      "admin.eb1f3f09dbb25affa832.js",
      "admin.eb1f3f09dbb25affa832.js.map"
    ],
    "app-account": "chunk.148499648d416b77aeb6.js",
    "app-cart": "chunk.6f2ad083bf4b03ea5082.js",
    "app-checkout": "chunk.e1feeedf5d398e7a29f1.js",
    "app-confirmation": "chunk.775d51a18381449dff1d.js",
    "checkout": [
      "checkout.90babcddab5ad1dfc3a7.js",
      "checkout.90babcddab5ad1dfc3a7.js.map"
    ],
    "storefront": [
      "storefront.38fb66695464ed0bf090.css",
      "storefront.3bb9d5cb2fba442af64a.js",
      "storefront.38fb66695464ed0bf090.css.map",
      "storefront.3bb9d5cb2fba442af64a.js.map"
    ],
    "vendors~app-cart": "chunk.ef74b8d604d0391f982c.js",
    "vendors~app-order": "chunk.b745955b75c38770d4ae.js"
  }
}