{
  "marketing_stripe": {
    "text": "",
    "link": "/promotion",
    "background": "#ea356c"
  },
  "contacts_stripe": {
    "pages": [
      {
        "title": "Sobre nós",
        "link": "/pages/sobre-nos"
      }
    ],
    "phone_wpp": true,
    "socials": true
  },
  "categories_list": {
    "featured": [],
    "random": 6,
    "full_width": true
  },
  "centralized_logo": false,
  "desktop_megamenu": true,
  "search_input": true,
  "alphabetical_order_submenu": true,
  "full_width_submenu": true
}
