{
  "meta_title": "",
  "meta_description": "",
  "sections": [
    {
      "type": "banner-slider",
      "autoplay": 6000,
      "full_width": true,
      "slides": [
        {
          "img": "/img/uploads/faixa-desktop-leve-4-pague-3-022.webp",
          "link": "",
          "alt": "",
          "start": "2020-04-02T05:54:06.750Z",
          "end": "2023-08-03T18:29:27.567Z",
          "mobile_img": "/img/uploads/quadrado-leve-4-pague-3-02.webp"
        }
      ]
    },
    {
      "type": "info-bar",
      "enabled": true
    },
    {
      "autoplay": 0,
      "page": 1,
      "title": "ÚLTIMAS ESTAMPAS LANÇADAS",
      "shuffle": false,
      "headless": false,
      "type": "collection-shelf",
      "limit": 12,
      "collection_id": "6492f2735e6069037042bb18:categories:Estampas:/estampas",
      "sort": "news"
    },
    {
      "type": "banners-grid-block",
      "reverse_order": false,
      "banners": [
        {
          "img": "/img/uploads/banner-mosaico-1.webp",
          "alt": "",
          "link": "/mulheres-na-ciencia",
          "mobile_img": ""
        },
        {
          "img": "/img/uploads/banner-mosaico-8.webp",
          "alt": "",
          "link": "/historia",
          "mobile_img": ""
        },
        {
          "img": "/img/uploads/banner-mosaico-4.webp",
          "alt": "",
          "link": "/nosso-manifesto",
          "mobile_img": ""
        },
        {
          "img": "/img/uploads/banner-mosaico-3.webp",
          "alt": "",
          "link": "/brilha-no-escuro",
          "mobile_img": ""
        },
        {
          "img": "/img/uploads/banner-mosaico-7.webp",
          "alt": "",
          "link": "/frases",
          "mobile_img": ""
        }
      ]
    },
    {
      "autoplay": 0,
      "page": 1,
      "title": "AS MAIS FAMOSAS DE TODOS OS TEMPOS",
      "shuffle": false,
      "headless": false,
      "type": "collection-shelf",
      "limit": 12,
      "collection_id": null,
      "sort": "sales"
    },
    {
      "type": "responsive-banner",
      "img": "/img/uploads/1675345524_1621135595_trustvox-desktop2.webp"
    },
    {
      "type": "banners-grid-block",
      "reverse_order": true,
      "banners": [
        {
          "img": "/img/uploads/banner-mosaico-2.webp",
          "alt": "",
          "link": "/cursos",
          "mobile_img": ""
        },
        {
          "img": "/img/uploads/banner-mosaico-10.webp",
          "alt": "",
          "link": "/matematica",
          "mobile_img": ""
        },
        {
          "img": "/img/uploads/banner-mosaico-12.webp",
          "alt": "",
          "link": "/astronomia",
          "mobile_img": ""
        },
        {
          "img": "/img/uploads/banner-mosaico-13.webp",
          "alt": "",
          "link": "/quimica",
          "mobile_img": ""
        },
        {
          "img": "/img/uploads/banner-mosaico-11.webp",
          "alt": "",
          "link": "/fisica",
          "mobile_img": ""
        }
      ]
    },
    {
      "autoplay": 0,
      "page": 1,
      "title": "CADERNOS",
      "shuffle": false,
      "headless": false,
      "type": "collection-shelf",
      "limit": 12,
      "collection_id": null,
      "sort": "news"
    },
    {
      "type": "responsive-banner",
      "img": "/img/uploads/categoria-leve-4-pague-3-02-100.webp",
      "link": "/vestuario"
    },
    {
      "type": "partner_list",
      "reverse_order": false,
      "banners": [
        {
          "img": "/img/uploads/usq.jpg",
          "alt": "",
          "link": "/um-sabado-qualquer",
          "mobile_img": ""
        },
        {
          "img": "/img/uploads/pirula.jpg",
          "alt": "",
          "link": "/pirula",
          "mobile_img": ""
        },
        {
          "img": "/img/uploads/obrigahistoria.jpg",
          "alt": "",
          "link": "/obrigastore",
          "mobile_img": ""
        },
        {
          "img": "/img/uploads/nv1.jpg",
          "alt": "",
          "link": "/nunca-vi-1-cientista",
          "mobile_img": ""
        },
        {
          "img": "/img/uploads/blabla.jpg",
          "alt": "",
          "link": "/blablalojinha",
          "mobile_img": ""
        },
        {
          "img": "/img/uploads/ddg2.jpg",
          "alt": "",
          "link": "/dragoes-de-garagem",
          "mobile_img": ""
        }
      ]
    },
    {
      "type": "custom-html",
      "html": "<!-- Trustvox -->\n<script type=\"text/javascript\" src=\"//colt.trustvox.com.br/colt.min.js\"></script><script>var _trustvox_colt = _trustvox_colt || [];_trustvox_colt.push(['_storeId', '74914'], ['_limit', '7']);</script>\n<!-- /Trustvox -->\n<div id=\"_trustvox_colt\"></div>"
    }
  ]
}
