{
  "shipping": {
    "show": true,
    "title": "PRODUÇÃO SOB DEMANDA",
    "text": "Consulte o prazo no produto"
  },
  "installments": {
    "show": true,
    "text": "Ou em até 12x",
    "title": "3X SEM JUROS"
  },
  "producer": {
    "show": true,
    "text": "Nós fabricamos",
    "title": "Produção Nacional"
  },
  "promo": {
    "show": true,
    "text": "Mais de 4 mil avaliações positivas",
    "title": "SUPER RECOMENDADA"
  },
  "freight": {
    "show": true,
    "text": "Pedidos acima R$ 280",
    "title": "Frete Grátis"
  }
}